history_id,user_id,movie_id,watch_percentage,rating,watched_at
H1001,U101,M101,95,4.5,2024-08-01 20:15:00
H1002,U101,M102,100,5.0,2024-08-03 21:00:00
H1003,U101,M103,90,4.5,2024-08-07 19:30:00
H1004,U101,M106,85,4.5,2024-08-11 22:10:00
H1005,U101,M107,80,4.0,2024-08-15 18:45:00
H1006,U101,M109,85,4.5,2024-08-20 23:00:00
H1007,U102,M104,95,5.0,2024-08-02 20:00:00
H1008,U102,M110,100,5.0,2024-08-06 21:15:00
H1009,U102,M111,90,4.5,2024-08-09 19:40:00
H1010,U102,M112,85,4.5,2024-08-14 20:30:00
H1011,U102,M113,95,5.0,2024-08-18 22:00:00
H1012,U103,M101,90,4.5,2024-08-04 19:00:00
H1013,U103,M114,95,5.0,2024-08-08 21:30:00
H1014,U103,M115,80,3.5,2024-08-12 18:15:00
H1015,U103,M117,100,5.0,2024-08-16 20:45:00
H1016,U103,M118,100,5.0,2024-08-21 21:00:00
H1017,U103,M119,85,4.5,2024-08-25 19:30:00
H1018,U104,M104,100,5.0,2024-08-05 20:30:00
H1019,U104,M105,95,4.5,2024-08-10 19:00:00
H1020,U104,M110,85,4.5,2024-08-13 22:00:00
H1021,U104,M116,90,4.5,2024-08-17 21:15:00
H1022,U104,M120,85,4.0,2024-08-22 18:50:00
H1023,U105,M101,95,5.0,2024-08-02 21:40:00
H1024,U105,M102,90,4.5,2024-08-05 22:15:00
H1025,U105,M107,100,5.0,2024-08-09 20:00:00
H1026,U105,M108,95,4.5,2024-08-13 19:30:00
H1027,U105,M109,100,5.0,2024-08-19 23:10:00
H1028,U105,M118,90,4.5,2024-08-24 20:40:00
H1029,U106,M104,85,4.5,2024-08-06 19:20:00
H1030,U106,M112,90,4.5,2024-08-11 20:50:00
H1031,U106,M113,100,5.0,2024-08-15 21:30:00
H1032,U106,M114,85,4.0,2024-08-20 18:40:00
H1033,U106,M116,90,4.5,2024-08-26 22:15:00
H1034,U107,M102,100,5.0,2024-08-03 20:10:00
H1035,U107,M103,95,4.5,2024-08-08 21:00:00
H1036,U107,M104,90,4.5,2024-08-12 19:45:00
H1037,U107,M106,90,4.5,2024-08-16 22:30:00
H1038,U107,M108,80,4.0,2024-08-23 20:15:00
H1039,U108,M106,90,4.5,2024-08-07 20:00:00
H1040,U108,M111,95,4.5,2024-08-12 21:20:00
H1041,U108,M114,95,5.0,2024-08-17 19:30:00
H1042,U108,M117,95,4.5,2024-08-21 22:00:00
H1043,U108,M118,100,5.0,2024-08-24 21:45:00
H1044,U108,M119,100,5.0,2024-08-27 20:30:00
H1045,U109,M104,85,4.0,2024-08-04 18:30:00
H1046,U109,M105,100,5.0,2024-08-09 20:15:00
H1047,U109,M108,90,4.5,2024-08-14 21:40:00
H1048,U109,M112,85,4.0,2024-08-19 19:10:00
H1049,U109,M116,90,4.5,2024-08-25 21:50:00
